latitude,longitude,sea_surface_height_m
21.451768984774173,87.56777389597096,0.8175156
21.451768984774173,87.63963911870052,0.8196307
21.451768984774173,87.71150434143009,0.82207686
21.451768984774173,87.78336956415964,0.82207686
21.451768984774173,87.85523478688921,0.82442695
21.451768984774173,87.92710000961877,0.8263263
21.451768984774173,87.99896523234833,0.82771885
21.451768984774173,88.0708304550779,0.82835853
21.451768984774173,88.14269567780745,0.82843685
21.451768984774173,88.21456090053701,0.8270352
21.451768984774173,88.28642612326658,0.8270352
21.523634207503736,87.56777389597096,0.82359576
21.523634207503736,87.63963911870052,0.8248508
21.523634207503736,87.71150434143009,0.8264635
21.523634207503736,87.78336956415964,0.8264635
21.523634207503736,87.85523478688921,0.82831275
21.523634207503736,87.92710000961877,0.8302369
21.523634207503736,87.99896523234833,0.83210045
21.523634207503736,88.0708304550779,0.83326554
21.523634207503736,88.14269567780745,0.83376133
21.523634207503736,88.21456090053701,0.8315398
21.523634207503736,88.28642612326658,0.8315398
21.595499430233296,87.56777389597096,0.8280231
21.595499430233296,87.63963911870052,0.8287666
21.595499430233296,87.71150434143009,0.8300663
21.595499430233296,87.78336956415964,0.8300663
21.595499430233296,87.85523478688921,0.8316506
21.595499430233296,87.92710000961877,0.8339072
21.595499430233296,87.99896523234833,0.83649284
21.595499430233296,88.0708304550779,0.8384172
21.595499430233296,88.14269567780745,0.8390518
21.595499430233296,88.21456090053701,0.83585393
21.595499430233296,88.28642612326658,0.83585393
21.66736465296286,87.56777389597096,0.8297599
21.66736465296286,87.63963911870052,0.83099115
21.66736465296286,87.71150434143009,0.83306265
21.66736465296286,87.78336956415964,0.83306265
21.66736465296286,87.85523478688921,0.8344933
21.66736465296286,87.92710000961877,0.8373118
21.66736465296286,87.99896523234833,0.8405135
21.66736465296286,88.0708304550779,0.8426184
21.66736465296286,88.14269567780745,0.8431763
21.73922987569242,87.92710000961877,0.84050393
21.73922987569242,87.99896523234833,0.8434852
21.73922987569242,88.0708304550779,0.8454889
21.73922987569242,88.14269567780745,0.8460051
21.811095098421983,87.99896523234833,0.846158
21.811095098421983,88.0708304550779,0.8478146
21.811095098421983,88.14269567780745,0.84825915
21.882960321151543,88.0708304550779,0.84991497
21.882960321151543,88.14269567780745,0.8500347
21.954825543881107,88.0708304550779,0.84991497
21.954825543881107,88.14269567780745,0.8500347
22.026690766610667,88.0708304550779,0.8511291
22.026690766610667,88.14269567780745,0.8510926
