latitude,longitude,rainfall_mm
21.537108936765527,88.23701878263999,865.1197529481724
21.582024700971502,88.19210301843403,1481.2784445723519
21.582024700971502,88.23701878263999,1502.3415949195623
21.582024700971502,88.28193454684597,1464.9061418464407
21.62694046517748,87.51836655534439,1475.7261828761548
21.62694046517748,87.56328231955035,1468.9874479323626
21.62694046517748,87.60819808375633,1471.418953243643
21.62694046517748,88.0573557258161,1427.1707218615338
21.62694046517748,88.10227149002206,1383.3686256408691
21.62694046517748,88.14718725422804,1383.3686256408691
21.62694046517748,88.23701878263999,1453.2142435703427
21.62694046517748,88.28193454684597,1357.4599489141256
21.671856229383454,87.51836655534439,1421.5376270134002
21.671856229383454,87.56328231955035,1459.626432504505
21.671856229383454,87.60819808375633,1445.9747308455408
21.671856229383454,87.6531138479623,1437.4004086516798
21.671856229383454,87.69802961216828,1437.4004086516798
21.671856229383454,87.74294537637427,1421.3664816617966
21.671856229383454,87.78786114058023,1373.9499518498778
21.671856229383454,88.01243996161011,1396.3530266806483
21.671856229383454,88.0573557258161,1374.5662220530212
21.671856229383454,88.10227149002206,1366.9161798618734
21.671856229383454,88.14718725422804,1366.9161798618734
21.671856229383454,88.19210301843403,1357.6756264865398
21.671856229383454,88.23701878263999,1413.6605305224657
21.671856229383454,88.28193454684597,1322.849560238421
21.716771993589433,87.51836655534439,1374.1457987689514
21.716771993589433,87.56328231955035,1387.4543921110471
21.716771993589433,87.60819808375633,1380.30183237046
21.716771993589433,87.6531138479623,1420.0822030231357
21.716771993589433,87.69802961216828,1420.0822030231357
21.716771993589433,87.74294537637427,1441.0952243097126
21.716771993589433,87.78786114058023,1332.4477324038744
21.716771993589433,87.83277690478621,1405.7726603485644
21.716771993589433,88.0573557258161,1372.7744469977915
21.716771993589433,88.10227149002206,1347.6594403460622
21.716771993589433,88.14718725422804,1347.6594403460622
21.716771993589433,88.19210301843403,1358.347490273416
21.716771993589433,88.23701878263999,1381.0596863868705
21.716771993589433,88.28193454684597,1323.298833038658
21.761687757795407,87.51836655534439,1428.5866987258196
21.761687757795407,87.56328231955035,1415.295440375805
21.761687757795407,87.60819808375633,1412.0517581552267
21.761687757795407,87.6531138479623,1409.1640478149056
21.761687757795407,87.69802961216828,1409.1640478149056
21.761687757795407,87.74294537637427,1421.05041757226
21.761687757795407,87.78786114058023,1415.8128304444253
21.761687757795407,87.83277690478621,1460.4185132086277
21.761687757795407,87.87769266899218,1450.9653922613943
21.761687757795407,88.0573557258161,1405.6665965430439
21.761687757795407,88.10227149002206,1416.592308611609
21.761687757795407,88.14718725422804,1416.592308611609
21.761687757795407,88.19210301843403,1427.1814210261218
21.761687757795407,88.23701878263999,1444.9470283742994
21.761687757795407,88.28193454684597,1397.7280695997179
21.806603522001385,87.51836655534439,1417.9272638708353
21.806603522001385,87.56328231955035,1377.8981159180403
21.806603522001385,87.60819808375633,1369.654848150909
21.806603522001385,87.6531138479623,1371.4668945297599
21.806603522001385,87.69802961216828,1371.4668945297599
21.806603522001385,87.74294537637427,1400.5436285883188
21.806603522001385,87.78786114058023,1360.7845003679395
21.806603522001385,87.83277690478621,1404.7966815304826
21.806603522001385,87.87769266899218,1466.112296431791
21.806603522001385,87.92260843319816,1514.0101456763223
21.806603522001385,87.96752419740415,1520.6891321823932
21.806603522001385,88.0573557258161,1439.7213357286528
21.806603522001385,88.10227149002206,1461.3362156171352
21.806603522001385,88.14718725422804,1461.3362156171352
21.806603522001385,88.19210301843403,1456.2349815843627
21.806603522001385,88.23701878263999,1488.8018429973163
21.806603522001385,88.28193454684597,1432.1710233166814
21.85151928620736,87.51836655534439,1403.7781525105238
21.85151928620736,87.56328231955035,1365.926726475358
21.85151928620736,87.60819808375633,1410.903335288167
21.85151928620736,87.6531138479623,1384.5398235060275
21.85151928620736,87.69802961216828,1384.5398235060275
21.85151928620736,87.74294537637427,1411.6140208095312
21.85151928620736,87.78786114058023,1381.801200337708
21.85151928620736,87.83277690478621,1443.072591450531
21.85151928620736,87.87769266899218,1438.741188087035
21.85151928620736,87.92260843319816,1513.166573121678
21.85151928620736,87.96752419740415,1519.4172142883763
21.85151928620736,88.01243996161011,1422.219408556819
21.85151928620736,88.0573557258161,1473.540309008211
21.85151928620736,88.10227149002206,1492.7034694701433
21.85151928620736,88.14718725422804,1492.7034694701433
21.85151928620736,88.19210301843403,1504.0553537644446
21.85151928620736,88.23701878263999,1449.9831602447666
21.85151928620736,88.28193454684597,1420.7186176728355
21.896435050413334,87.51836655534439,1403.7781525105238
21.896435050413334,87.56328231955035,1365.926726475358
21.896435050413334,87.60819808375633,1410.903335288167
21.896435050413334,87.6531138479623,1384.5398235060275
21.896435050413334,87.69802961216828,1384.5398235060275
21.896435050413334,87.74294537637427,1411.6140208095312
21.896435050413334,87.78786114058023,1381.801200337708
21.896435050413334,87.83277690478621,1443.072591450531
21.896435050413334,87.87769266899218,1438.741188087035
21.896435050413334,87.92260843319816,1513.166573121678
21.896435050413334,87.96752419740415,1519.4172142883763
21.896435050413334,88.01243996161011,1422.219408556819
21.896435050413334,88.0573557258161,1473.540309008211
21.896435050413334,88.10227149002206,1492.7034694701433
21.896435050413334,88.14718725422804,1492.7034694701433
21.896435050413334,88.19210301843403,1504.0553537644446
21.896435050413334,88.23701878263999,1449.9831602447666
21.896435050413334,88.28193454684597,1420.7186176728355
21.941350814619312,87.51836655534439,1385.5124634876847
21.941350814619312,87.56328231955035,1379.950942773372
21.941350814619312,87.60819808375633,1386.275391915813
21.941350814619312,87.6531138479623,1400.1521542593837
21.941350814619312,87.69802961216828,1400.1521542593837
21.941350814619312,87.74294537637427,1436.9405582547188
21.941350814619312,87.78786114058023,1375.0519145131111
21.941350814619312,87.83277690478621,1436.9355196927208
21.941350814619312,87.87769266899218,1436.2391152265482
21.941350814619312,87.92260843319816,1486.0992909511551
21.941350814619312,87.96752419740415,1482.6040390841663
21.941350814619312,88.01243996161011,1445.628073291853
21.941350814619312,88.0573557258161,1462.4394837515429
21.941350814619312,88.10227149002206,1473.4480090774596
21.941350814619312,88.14718725422804,1473.4480090774596
21.941350814619312,88.19210301843403,1482.9703105781227
21.941350814619312,88.23701878263999,1468.8609872832894
21.941350814619312,88.28193454684597,1416.751443380046
21.986266578825287,87.51836655534439,1383.6803115174062
21.986266578825287,87.56328231955035,1370.186210358499
21.986266578825287,87.60819808375633,1412.849972764232
21.986266578825287,87.6531138479623,1412.8307036210863
21.986266578825287,87.69802961216828,1412.8307036210863
21.986266578825287,87.74294537637427,1434.0714135196395
21.986266578825287,87.78786114058023,1378.2486896934352
21.986266578825287,87.83277690478621,1396.3533763979794
21.986266578825287,87.87769266899218,1404.8726570014842
21.986266578825287,87.92260843319816,1490.9021374508739
21.986266578825287,87.96752419740415,1491.0994413690642
21.986266578825287,88.01243996161011,1411.7217000899836
21.986266578825287,88.0573557258161,1432.5165894310921
21.986266578825287,88.10227149002206,1463.8776197480038
21.986266578825287,88.14718725422804,1463.8776197480038
21.986266578825287,88.19210301843403,1446.1092720306478
21.986266578825287,88.23701878263999,1428.6789628406987
21.986266578825287,88.28193454684597,1375.213338005262
22.031182343031265,87.51836655534439,1404.646022140776
22.031182343031265,87.56328231955035,1365.991266689045
22.031182343031265,87.60819808375633,1350.004902227527
22.031182343031265,87.6531138479623,1394.9715658326531
22.031182343031265,87.69802961216828,1394.9715658326531
22.031182343031265,87.74294537637427,1422.7321431953096
22.031182343031265,87.78786114058023,1377.2237038733438
22.031182343031265,87.83277690478621,1375.0938468953827
22.031182343031265,87.87769266899218,1412.497425056994
22.031182343031265,87.92260843319816,1477.302092615515
22.031182343031265,87.96752419740415,1491.4662337265909
22.031182343031265,88.01243996161011,1410.6545090107247
22.031182343031265,88.0573557258161,1377.0035186326131
22.031182343031265,88.10227149002206,1374.3042832510546
22.031182343031265,88.14718725422804,1374.3042832510546
22.031182343031265,88.19210301843403,1397.6067728651688
22.031182343031265,88.23701878263999,1376.6428328948095
22.031182343031265,88.28193454684597,1344.1934116561533
22.07609810723724,87.51836655534439,1396.9405548899813
22.07609810723724,87.56328231955035,1404.6850797265288
22.07609810723724,87.60819808375633,1412.3061190249355
22.07609810723724,87.6531138479623,1395.7371948449363
22.07609810723724,87.69802961216828,1395.7371948449363
22.07609810723724,87.74294537637427,1389.0400656092097
22.07609810723724,87.78786114058023,1355.9278987565704
22.07609810723724,87.83277690478621,1338.7154311005725
22.07609810723724,87.87769266899218,1384.4330675618257
22.07609810723724,87.92260843319816,1445.2179217855446
22.07609810723724,87.96752419740415,1490.0790355168283
22.07609810723724,88.01243996161011,1344.8024155804887
22.07609810723724,88.0573557258161,1351.7379445042461
22.07609810723724,88.10227149002206,1353.740629251115
22.07609810723724,88.14718725422804,1353.740629251115
22.07609810723724,88.19210301843403,1360.7531082830392
22.07609810723724,88.23701878263999,1342.6214951029979
22.07609810723724,88.28193454684597,1321.3749986822731
22.121013871443218,87.51836655534439,1415.3949306942231
22.121013871443218,87.56328231955035,1440.5370302474767
22.121013871443218,87.60819808375633,1410.7357004373916
22.121013871443218,87.6531138479623,1410.3810487659503
22.121013871443218,87.69802961216828,1410.3810487659503
22.121013871443218,87.74294537637427,1442.3350987949816
22.121013871443218,87.78786114058023,1378.808561336249
22.121013871443218,87.83277690478621,1357.1204595208983
22.121013871443218,87.87769266899218,1402.8773482462857
22.121013871443218,87.92260843319816,1453.5673858760856
22.121013871443218,87.96752419740415,1474.1416691360064
22.121013871443218,88.01243996161011,1338.0059689152986
22.121013871443218,88.0573557258161,1361.6743487156928
22.121013871443218,88.10227149002206,1312.6242402824573
22.121013871443218,88.14718725422804,1312.6242402824573
22.121013871443218,88.19210301843403,1357.795584402047
22.121013871443218,88.23701878263999,1320.2862412601244
22.121013871443218,88.28193454684597,1286.4856197907793
22.165929635649192,87.51836655534439,1392.8951607885538
22.165929635649192,87.56328231955035,1394.8717922552023
22.165929635649192,87.60819808375633,1422.9384415589157
22.165929635649192,87.6531138479623,1438.4853651726007
22.165929635649192,87.69802961216828,1438.4853651726007
22.165929635649192,87.74294537637427,1428.2138699716597
22.165929635649192,87.78786114058023,1350.9337165979814
22.165929635649192,87.83277690478621,1338.2775330340955
22.165929635649192,87.87769266899218,1359.0276178034255
22.165929635649192,87.92260843319816,1398.2986825294793
22.165929635649192,87.96752419740415,1446.8559365300462
22.165929635649192,88.01243996161011,1334.2757167369127
22.165929635649192,88.0573557258161,1329.868134390097
22.165929635649192,88.10227149002206,1312.6220217538066
22.165929635649192,88.14718725422804,1312.6220217538066
22.165929635649192,88.19210301843403,1278.8621762297116
22.165929635649192,88.23701878263999,1311.5297544044442
22.165929635649192,88.28193454684597,1302.9926087596978
